Designation,Comment,Quantity,Total Price ($),Link
C1,47uf,5,0.9745,https://jlcpcb.com/partdetail/KyoceraAVX-TAJA476K006RNJ/C7190
C3,100nf,20,0.026,https://jlcpcb.com/partdetail/CCTC-TCC0201X5R104K100ZT/C5142565
"C4,C5",22uf,8,1.4352,https://jlcpcb.com/partdetail/2211-1206X226K100NT/C1859
"C6,C7",C,20,0.366,https://jlcpcb.com/partdetail/Sunlord-GZ2012D220TF/C1009
D1,LED,6,0.4122,https://jlcpcb.com/partdetail/XINGLIGHT-XL0201SURC/C3646923
J1,USB_C_Receptacle_USB2.0_16P,2,1.07,https://jlcpcb.com/partdetail/SHOUHAN-USBC_0015IPX600/C783298
L1,4.7uh,20,0.488,https://jlcpcb.com/partdetail/Sunlord-SDFL1608Q4R7KTF/C1034
"R1,R2",33,20,0.05,https://jlcpcb.com/partdetail/23867-0603WAF330JT5E/C23140
"R3,R4",50K,20,0.636,https://jlcpcb.com/partdetail/YAGEO-RT0603BRD0750KL/C861451
"R5,R6",R,6,0.5406,https://jlcpcb.com/partdetail/FuzetecTech-FSMD050_0805R/C181350
R7,1K,20,0.024,https://jlcpcb.com/partdetail/SAE-1RC0201J0102/C54530604
"SW1,SW2",SW_Push,4,2.0232,https://jlcpcb.com/partdetail/55982-DSIC01LHGET/C54957
U2,AP63203WU,5,5.895,https://jlcpcb.com/partdetail/DiodesIncorporated-AP63203WU7/C780769
U3,ESP32-S3-WROOM-1,2,10.2772,https://jlcpcb.com/partdetail/3198300-ESP32_S3_WROOM_1N16R8/C2913202
C2,10uf,20,0,https://jlcpcb.com/partdetail/56318658-GRM035R60G106ME01D/C53260764

Cost Summary,,,,
Total Component Price,,,24.22,
Loader,,,13.65,
PCB Price,,,4.00,
Shipping,,,12.14,
TOTAL,,,54.01,
