Designator,Mid X,Mid Y,Rotation,Layer
C1,113.43,-86.135,270.0,top
C2,112.55,-86.135,270.0,top
C3,118.6,-84.915,90.0,top
C4,121.13,-84.835,90.0,top
C5,122.01,-84.85,90.0,top
C6,108.55,-80.33,270.0,top
C7,110.7,-80.33,270.0,top
D1,102.26,-84.1475,270.0,top
J1,107.6,-93.205,0.0,top
J2,99.06,-67.46,0.0,top
J3,124.46,-67.46,180.0,top
L1,119.9,-84.1075,90.0,top
R1,106.83,-86.025,90.0,top
R2,108.45,-86.025,90.0,top
R3,105.11,-85.995,90.0,top
R4,110.03,-86.015,90.0,top
R5,119.92,-80.2625,270.0,top
R6,100.56,-80.2375,90.0,top
R7,102.23,-85.9325,270.0,top
SW1,104.515,-80.425,0.0,top
SW2,115.765,-80.405,0.0,top
U2,116.06,-85.445,180.0,top
U3,111.76,-63.5,0.0,top
